0,1,AST,,,,,,0
0,5,AST,,,,,,1
0,9,AST,,,,,,2
0,13,AST,,,,,,3
0,30,AST,,,,,,4
1,2,AST,,,,,,0
2,3,AST,,,,,,0
3,4,AST,,,,,,0
5,6,AST,,,,,,0
6,7,AST,,,,,,0
7,8,AST,,,,,,0
9,10,AST,,,,,,0
10,11,AST,,,,,,0
11,12,AST,,,,,,0
13,14,AST,,,,,,0
13,18,AST,,,,,,1
14,15,AST,,,,,,0
15,16,AST,,,,,,0
15,17,AST,,,,,,1
18,19,AST,,,,,,0
18,21,AST,,,,,,1
18,23,AST,,,,,,2
18,25,AST,,,,,,3
18,27,AST,,,,,,4
18,29,AST,,,,,,5
18,20,CFG,,,,,,
20,21,CFG,,,,,,
20,21,PDG,$malloc,Function,,,,
20,1,CG,,,,,,
21,20,AST,,,,,,0
21,22,CFG,,,,,,
21,24,PDG,$malloc,Function,,,,
21,26,PDG,$malloc,Function,,,,
22,23,CFG,,,,,,
22,23,PDG,$malloc,Function,,,,
22,1,CG,,,,,,
23,22,AST,,,,,,0
23,24,CFG,,,,,,
23,28,PDG,$malloc,Function,,,,
24,25,CFG,,,,,,
24,25,PDG,$malloc,Function,,,,
25,24,AST,,,,,,0
25,26,CFG,,,,,,
25,5,CG,,,,,,
26,27,CFG,,,,,,
26,27,PDG,$malloc,Function,,,,
27,26,AST,,,,,,0
27,28,CFG,,,,,,
27,9,CG,,,,,,
28,29,CFG,,,,,,
28,29,PDG,$malloc,Function,,,,
29,28,AST,,,,,,0
29,19,CFG,,,,,,
29,5,CG,,,,,,
30,31,AST,,,,,,0
30,35,AST,,,,,,1
31,32,AST,,,,,,0
32,33,AST,,,,,,0
32,34,AST,,,,,,1
35,36,AST,,,,,,0
35,38,AST,,,,,,1
35,40,AST,,,,,,2
35,42,AST,,,,,,3
35,44,AST,,,,,,4
35,46,AST,,,,,,5
35,37,CFG,,,,,,
37,38,CFG,,,,,,
37,38,PDG,$malloc,Function,,,,
37,1,CG,,,,,,
38,37,AST,,,,,,0
38,39,CFG,,,,,,
38,41,PDG,$malloc,Function,,,,
39,40,CFG,,,,,,
39,40,PDG,$malloc,Function,,,,
39,1,CG,,,,,,
40,39,AST,,,,,,0
40,41,CFG,,,,,,
40,43,PDG,$malloc,Function,,,,
40,45,PDG,$malloc,Function,,,,
41,42,CFG,,,,,,
41,42,PDG,$malloc,Function,,,,
42,41,AST,,,,,,0
42,43,CFG,,,,,,
42,5,CG,,,,,,
43,44,CFG,,,,,,
43,44,PDG,$malloc,Function,,,,
44,43,AST,,,,,,0
44,45,CFG,,,,,,
44,9,CG,,,,,,
45,46,CFG,,,,,,
45,46,PDG,$malloc,Function,,,,
46,45,AST,,,,,,0
46,36,CFG,,,,,,
46,5,CG,,,,,,
